{
  "criteria": {
    "parry_hit_zero_taken": {
      "trigger": "minecraft:entity_hurt_player",
      "conditions": {
        "damage": {
          "dealt": { "min": 0.001 },
          "taken": { "max": 0.0 }
        },
        "player": [
          {
            "condition": "minecraft:entity_properties",
            "entity": "this",
            "predicate": { "nbt": "{Tags:[\"miwa\"]}" }
          },
          {
            "condition": "minecraft:entity_scores",
            "entity": "this",
            "scores": { "parry": { "max": 12 } }
          }
        ]
      }
    }
  },
  "requirements": [["parry_hit_zero_taken"]],
  "rewards": { "function": "battle:parry/particles" }
}