{
  "criteria": {
    "requirement": {
      "trigger": "minecraft:player_hurt_entity",
      "conditions": {
        "player": [
          {
            "condition": "minecraft:entity_properties",
            "entity": "this",
            "predicate": {
              "nbt": "{Tags:[\"daredevil\"]}"
            }
          },
          {
            "condition": "minecraft:entity_properties",
            "entity": "this",
            "predicate": {
              "equipment": {
                "mainhand": {
                  "items": "minecraft:stick"
                }
              }
            }
          }
        ]
      }
    }
  },
  "rewards": {
    "function": "battle:hit/daredevilhitproc"
  }
}