{
  "criteria": {
    "requirement": {
      "trigger": "minecraft:player_hurt_entity",
      "conditions": {
        "player": [
          {
            "condition": "minecraft:entity_properties",
            "entity": "this",
            "predicate": {
              "nbt": "{Tags:[\"frieren\"]}"
            }
          },
          {
            "condition": "minecraft:entity_properties",
            "entity": "this",
            "predicate": {
              "equipment": {
                "mainhand": {
                  "items": "minecraft:stick",
                  "predicates": {
                "minecraft:custom_data": "{rclick:frstaff}"
                }
              }
              }
            }
          }
        ]
      }
    }
  },
  "rewards": {
    "function": "battle:hit/frieren_melee_mana_regen"
  }
}