{
  "criteria": {
    "requirement": {
      "trigger": "minecraft:entity_hurt_player",
      "conditions": {
        "player": [],
        "damage": {
          "source_entity": {
            "type": "minecraft:player",
            "equipment": {
              "mainhand": {
                "items": "minecraft:blaze_powder",
                "predicates": {
                  "minecraft:custom_data": "{hit:frostburn_icicle_spear}"
                }
              }
            }
          }
        }
      }
    }
  },
  "rewards": {
    "function": "battle:hit/frostburn_icicle_spear"
  }
}
