{
    "type": "minecraft:multi_action",
    "title": "Choose Character or Manage Game",
    "pause": false,
    "can_close_with_escape": true,
    "columns": 3,
    "actions": [
        {
            "label": "Ampere",
            "width": 120,
            "action": {
                "type": "minecraft:run_command",
                "command": "/trigger tempkit set 1"
            }
        },
        {
            "label": "Assassin",
            "width": 120,
            "action": {
                "type": "minecraft:run_command",
                "command": "/trigger tempkit set 2"
            }
        },
        {
            "label": "Avian",
            "width": 120,
            "action": {
                "type": "minecraft:run_command",
                "command": "/trigger tempkit set 13"
            }
        },
        {
            "label": "Brawler",
            "width": 120,
            "action": {
                "type": "minecraft:run_command",
                "command": "/trigger tempkit set 3"
            }
        },
        {
            "label": "Cyberrunner",
            "width": 120,
            "action": {
                "type": "minecraft:run_command",
                "command": "/trigger tempkit set 4"
            }
        },
        {
            "label": "Elven Mage",
            "width": 120,
            "action": {
                "type": "minecraft:run_command",
                "command": "/trigger tempkit set 5"
            }
        },
                {
            "label": "Frostburn",
            "width": 120,
            "action": {
                "type": "minecraft:run_command",
                "command": "/trigger tempkit set 15"
            }
        },
        {
            "label": "Gambler",
            "width": 120,
            "action": {
                "type": "minecraft:run_command",
                "command": "/trigger tempkit set 6"
            }
        },
        {
            "label": "Jumper",
            "width": 120,
            "action": {
                "type": "minecraft:run_command",
                "command": "/trigger tempkit set 7"
            }
        },
               {
            "label": "Reaper",
            "width": 120,
            "action": {
                "type": "minecraft:run_command",
                "command": "/trigger tempkit set 14"
            }
        },
        {
            "label": "Shogun",
            "width": 120,
            "action": {
                "type": "minecraft:run_command",
                "command": "/trigger tempkit set 8"
            }
        },
        {
            "label": "Sonar",
            "width": 120,
            "action": {
                "type": "minecraft:run_command",
                "command": "/trigger tempkit set 9"
            }
        },
        {
            "label": "Trübelkun",
            "width": 120,
            "action": {
                "type": "minecraft:run_command",
                "command": "/trigger tempkit set 10"
            }
        },
        {
            "label": "Warrior",
            "width": 120,
            "action": {
                "type": "minecraft:run_command",
                "command": "/trigger tempkit set 11"
            }
        },
        {
            "label": "Wolfcaller",
            "width": 120,
            "action": {
                "type": "minecraft:run_command",
                "command": "/trigger tempkit set 12"
            }
        },
        {
            "label": "Start Game",
            "width": 100,
            "action": {
                "type": "minecraft:run_command",
                "command": "/function battle:run_game/game_start"
            }
        },
        {
            "label": "End Game/Reset",
            "width": 100,
            "action": {
                "type": "minecraft:run_command",
                "command": "/function battle:reload"
            }
        },
         {
            "label": "Debug Game",
            "width": 100,
            "action": {
                "type": "minecraft:run_command",
                "command": "/function battle:debug_general"
            }
        }
    ]
}