{
	"description": "hit_detector_up_score",
	"supported_items": "minecraft:bow",
	"weight": 1,
	"max_level": 1,
	"min_cost": {
		"base": 0,
		"per_level_above_first": 0
	},
	"max_cost": {
		"base": 0,
		"per_level_above_first": 0
	},
	"anvil_cost": 0,
	"slots": [
		"mainhand"
	],
	"effects": {
		"minecraft:post_attack": [
			{
				"requirements": {
					"condition": "minecraft:damage_source_properties",
					"predicate": {
						"is_direct": false
					}
				},
				"effect": {
					"type": "minecraft:run_function",
					"function": "battle:hit/arrow_hit_detect_up_score"
				},
				"enchanted": "attacker",
				"affected": "attacker"
			}
		]
	}
}