{
  "anvil_cost": 2,
  "description": {
    "translate": "enchantment.battle.double_jump",
    "fallback": "Double Jump"
  },
  "effects": {
    "minecraft:damage_immunity": [
      {
        "requirements": {
          "condition": "minecraft:damage_source_properties",
          "predicate": {
            "tags": [
              {
                "id": "battle:double_jump",
                "expected": true
              },
              {
                "id": "minecraft:bypasses_invulnerability",
                "expected": false
              }
            ]
          }
        },
        "effect": {}
      }
    ],
    "minecraft:tick": [
      {
        "requirements": [
          {
            "condition": "minecraft:inverted",
            "term": {
              "condition": "minecraft:entity_scores",
              "entity": "this",
              "scores": {
                "double_jump.level": 0
              }
            }
          },
          {
            "condition": "minecraft:entity_properties",
            "entity": "this",
            "predicate": {
              "type_specific": {
                "type": "minecraft:player",
                "gamemode": [
                  "survival",
                  "adventure"
                ],
                "input": {
                  "jump": true
                }
              },
              "flags": {
                "is_swimming": false,
                "is_on_ground": false,
                "is_flying": false
              }
            }
          }
        ],
        "effect": {
          "type": "minecraft:run_function",
          "function": "battle:doublejump/check"
        }
      },
      {
        "requirements": {
          "condition": "minecraft:entity_scores",
          "entity": "this",
          "scores": {
            "double_jump.activate": 1
          }
        },
        "effect": {
          "type": "minecraft:all_of",
          "effects": [
            {
              "type": "minecraft:explode",
              "damage_type": "battle:double_jump",
              "knockback_multiplier": 0.5,
              "radius": 0.01,
              "block_interaction": "none",
              "small_particle": {
                "type": "minecraft:gust_emitter_small"
              },
              "large_particle": {
                "type": "minecraft:gust_emitter_large"
              },
              "sound": "minecraft:entity.wind_charge.wind_burst"
            },
            {
              "type": "minecraft:run_function",
              "function": "battle:doublejump/activate"
            }
          ]
        }
      }
    ]
  },
  "max_cost": {
    "base": 11,
    "per_level_above_first": 6
  },
  "max_level": 5,
  "min_cost": {
    "base": 5,
    "per_level_above_first": 6
  },
  "slots": [
    "armor"
  ],
  "supported_items": "#minecraft:enchantable/foot_armor",
  "weight": 5
}