{
  "anvil_cost": 2,
  "description": {
    "translate": "enchantment.example.parry",
    "fallback": "Parry"
  },
  "max_cost": {
    "base": 25,
    "per_level_above_first": 8
  },
  "max_level": 1,
  "min_cost": {
    "base": 5,
    "per_level_above_first": 8
  },
  "slots": [
    "mainhand"
  ],
  "supported_items": "#minecraft:enchantable/sword",
  "weight": 5,
  "effects": {
    "minecraft:damage_immunity": [
      {
        "requirements": [
          {
            "condition": "minecraft:damage_source_properties",
            "predicate": {
              "tags": [
                {
                  "id": "battle:mob_attack",
                  "expected": true
                },
                {
                  "id": "minecraft:bypasses_invulnerability",
                  "expected": false
                }
              ]
            }
          },
          {
            "condition": "minecraft:entity_scores",
            "entity": "this",
            "scores": {
              "parry": {
                "max": 12
              }
            }
          }
        ],
        "effect": {}
      }
    ]
  }
}