{
  "criteria": {
    "fall_from_height": {
      "trigger": "minecraft:fall_from_height",
      "conditions": {
        "player": [
          {
            "condition": "minecraft:inverted",
            "term": {
              "condition": "minecraft:entity_scores",
              "entity": "this",
              "scores": {
                "double_jump.on_ground": 2
              }
            }
          },
          {
            "condition": "minecraft:entity_properties",
            "entity": "this",
            "predicate": {
              "flags": {
                "is_on_ground": true
              }
            }
          }
        ]
      }
    }
  },
  "rewards": {
    "function": "battle:doublejump/fall_from_height"
  }
}